Date,Last,Open,High,Low
12/31/2014,32.904,32.98,32.99,32.883
1/1/2015,32.904,32.98,32.99,32.883
1/2/2015,32.904,32.98,32.99,32.883
1/5/2015,32.97,32.915,33.06,32.915
1/6/2015,32.89,32.96,33.05,32.88
1/7/2015,32.9,32.87,32.925,32.855
1/8/2015,32.9,32.9,32.912,32.87
1/9/2015,32.9,32.86,32.905,32.845
1/12/2015,32.868,32.875,32.875,32.835
1/13/2015,32.85,32.863,32.865,32.847
1/14/2015,32.8,32.853,32.853,32.784
1/15/2015,32.765,32.75,32.78,32.743
1/16/2015,32.64,32.77,32.77,32.605
1/19/2015,32.59,32.555,32.6,32.51
1/20/2015,32.72,32.59,32.775,32.59
1/21/2015,32.603,32.74,32.75,32.57
1/22/2015,32.6,32.605,32.63,32.55
1/23/2015,32.612,32.605,32.64,32.565
1/26/2015,32.583,32.61,32.61,32.542
1/27/2015,32.54,32.725,32.825,32.54
1/28/2015,32.54,32.6,32.65,32.53
1/29/2015,32.696,32.575,32.696,32.575
1/30/2015,32.74,32.76,32.76,32.69
2/2/2015,32.58,32.695,32.725,32.535
2/3/2015,32.64,32.54,32.645,32.495
2/4/2015,32.63,32.61,32.635,32.567
2/5/2015,32.64,32.59,32.64,32.585
2/6/2015,32.53,32.597,32.597,32.53
2/9/2015,32.62,32.545,32.64,32.53
2/10/2015,32.61,32.64,32.65,32.586
2/11/2015,32.643,32.63,32.655,32.625
2/12/2015,32.68,32.665,32.725,32.64
2/13/2015,32.61,32.63,32.635,32.58
2/16/2015,32.6,32.61,32.613,32.585
2/17/2015,32.555,32.605,32.605,32.554
2/18/2015,32.58,32.555,32.595,32.545
2/19/2015,32.545,32.56,32.57,32.537
2/20/2015,32.57,32.525,32.572,32.525
2/23/2015,32.594,32.57,32.625,32.54
2/24/2015,32.58,32.58,32.585,32.559
2/25/2015,32.526,32.545,32.573,32.521
2/26/2015,32.324,32.52,32.535,32.313
2/27/2015,32.33,32.37,32.395,32.325
3/2/2015,32.33,32.33,32.4,32.327
3/3/2015,32.34,32.36,32.373,32.34
3/4/2015,32.34,32.36,32.373,32.34
3/5/2015,32.425,32.35,32.425,32.35
3/6/2015,32.436,32.43,32.442,32.401
3/9/2015,32.565,32.445,32.58,32.445
3/10/2015,32.695,32.59,32.73,32.59
3/11/2015,32.92,32.69,32.935,32.665
3/12/2015,32.805,32.905,32.93,32.795
3/13/2015,32.91,32.83,32.91,32.785
3/16/2015,32.94,32.9,32.945,32.88
3/17/2015,32.905,32.945,32.945,32.885
3/18/2015,32.92,32.9,32.92,32.893
3/19/2015,32.74,32.675,32.771,32.675
3/20/2015,32.752,32.752,32.79,32.66
3/23/2015,32.555,32.58,32.662,32.504
3/24/2015,32.503,32.495,32.584,32.469
3/25/2015,32.565,32.522,32.573,32.455
3/26/2015,32.537,32.53,32.625,32.505
3/27/2015,32.595,32.607,32.615,32.507
3/30/2015,32.563,32.61,32.643,32.539
3/31/2015,32.533,32.555,32.577,32.515
4/1/2015,32.525,32.54,32.558,32.455
4/2/2015,32.488,32.417,32.51,32.408
4/3/2015,32.495,32.43,32.53,32.43
4/6/2015,32.495,32.43,32.53,32.43
4/7/2015,32.57,32.51,32.585,32.445
4/8/2015,32.55,32.585,32.605,32.5
4/9/2015,32.545,32.555,32.63,32.51
4/10/2015,32.554,32.575,32.58,32.495
4/13/2015,32.57,32.54,32.64,32.53
4/14/2015,32.48,32.56,32.56,32.47
4/15/2015,32.42,32.475,32.52,32.4
4/16/2015,32.41,32.37,32.496,32.37
4/17/2015,32.38,32.4,32.417,32.374
4/20/2015,32.385,32.38,32.403,32.33
4/21/2015,32.38,32.41,32.438,32.375
4/22/2015,32.353,32.375,32.432,32.32
4/23/2015,32.47,32.385,32.487,32.357
4/24/2015,32.541,32.445,32.56,32.41
4/27/2015,32.69,32.535,32.705,32.507
4/28/2015,32.61,32.6,32.698,32.588
4/29/2015,32.842,32.625,32.85,32.525
4/30/2015,32.965,32.85,32.98,32.76
5/1/2015,33.06,33.035,33.15,32.966
5/4/2015,33.34,33.155,33.36,33.155
5/5/2015,33.4,33.33,33.46,33.3
5/6/2015,33.331,33.405,33.405,33.14
5/7/2015,33.56,33.345,33.57,33.255
5/8/2015,33.52,33.53,33.59,33.475
5/11/2015,33.69,33.516,33.72,33.5
5/12/2015,33.805,33.72,33.895,33.68
5/13/2015,33.6,33.695,33.77,33.577
5/14/2015,33.507,33.535,33.58,33.32
5/15/2015,33.533,33.47,33.616,33.461
5/18/2015,33.32,33.51,33.56,33.29
5/19/2015,33.412,33.395,33.449,33.34
5/20/2015,33.57,33.515,33.67,33.435
5/21/2015,33.44,33.605,33.62,33.412
5/22/2015,33.353,33.415,33.445,33.327
5/25/2015,33.58,33.47,33.594,33.44
5/26/2015,33.73,33.585,33.787,33.548
5/27/2015,33.83,33.73,33.84,33.695
5/28/2015,33.795,33.778,33.9,33.71
5/29/2015,33.655,33.798,33.835,33.64
6/1/2015,33.68,33.688,33.751,33.635
6/2/2015,33.8,33.688,33.818,33.661
6/3/2015,33.69,33.722,33.815,33.62
6/4/2015,33.73,33.662,33.775,33.631
6/5/2015,33.73,33.735,33.78,33.698
6/8/2015,33.83,33.915,33.927,33.8
6/9/2015,33.73,33.775,33.82,33.71
6/10/2015,33.667,33.715,33.756,33.615
6/11/2015,33.729,33.61,33.748,33.585
6/12/2015,33.745,33.705,33.785,33.658
6/15/2015,33.74,33.68,33.748,33.645
6/16/2015,33.693,33.68,33.734,33.65
6/17/2015,33.71,33.693,33.72,33.643
6/18/2015,33.61,33.616,33.705,33.59
6/19/2015,33.68,33.65,33.695,33.614
6/22/2015,33.643,33.653,33.72,33.62
6/23/2015,33.74,33.685,33.76,33.662
6/24/2015,33.772,33.76,33.805,33.725
6/25/2015,33.772,33.79,33.81,33.755
6/26/2015,33.785,33.765,33.804,33.732
6/29/2015,33.83,33.845,33.899,33.816
6/30/2015,33.769,33.763,33.845,33.726
7/1/2015,33.79,33.79,33.83,33.72
7/2/2015,33.795,33.825,33.838,33.763
7/3/2015,33.798,33.787,33.82,33.735
7/6/2015,33.842,33.776,33.86,33.756
7/7/2015,33.938,33.847,33.99,33.814
7/8/2015,33.997,33.982,34.057,33.946
7/9/2015,33.965,33.955,34.007,33.918
7/10/2015,33.944,33.93,33.97,33.895
7/13/2015,34,33.938,34.014,33.909
7/14/2015,34.037,34.02,34.069,33.98
7/15/2015,34.082,34.04,34.09,34.01
7/16/2015,34.2,34.156,34.229,34.1
7/17/2015,34.15,34.193,34.22,34.132
7/20/2015,34.424,34.22,34.44,34.155
7/21/2015,34.482,34.465,34.505,34.38
7/22/2015,34.653,34.447,34.66,34.404
7/23/2015,34.73,34.71,34.908,34.655
7/24/2015,34.94,34.78,34.98,34.745
7/27/2015,34.859,34.888,34.939,34.807
7/28/2015,34.91,34.865,34.943,34.82
7/29/2015,34.93,34.838,34.96,34.809
7/30/2015,35.121,34.975,35.178,34.971
7/31/2015,35.207,35.135,35.275,35.097
8/3/2015,35.065,35.063,35.245,34.997
8/4/2015,35.04,35.07,35.147,35.03
8/5/2015,35.17,35.085,35.177,35.022
8/6/2015,35.18,35.178,35.204,35.105
8/7/2015,35.17,35.112,35.2,35.099
8/10/2015,35.175,35.165,35.188,35.075
8/11/2015,35.36,35.095,35.379,35.045
8/12/2015,35.344,35.35,35.555,35.28
8/13/2015,35.217,35.275,35.327,35.15
8/14/2015,35.26,35.175,35.342,35.145
8/17/2015,35.394,35.27,35.401,35.27
8/18/2015,35.57,35.542,35.64,35.48
8/19/2015,35.575,35.57,35.651,35.509
8/20/2015,35.63,35.553,35.658,35.505
8/21/2015,35.662,35.592,35.722,35.579
8/24/2015,35.768,35.605,35.835,35.589
8/25/2015,35.513,35.675,35.722,35.49
8/26/2015,35.64,35.563,35.69,35.544
8/27/2015,35.65,35.643,35.693,35.6
8/28/2015,35.861,35.662,35.905,35.63
8/31/2015,35.853,35.835,35.909,35.815
9/1/2015,35.732,35.833,35.865,35.686
9/2/2015,35.772,35.735,35.8,35.709
9/3/2015,35.85,35.757,35.869,35.72
9/4/2015,35.86,35.838,35.876,35.807
9/7/2015,36.118,35.99,36.125,35.805
9/8/2015,36.17,36.125,36.23,36.104
9/9/2015,36.075,36.015,36.123,35.938
9/10/2015,36.14,36.17,36.26,36.105
9/11/2015,36.096,36.028,36.125,35.95
9/14/2015,36.05,36.083,36.101,36
9/15/2015,35.935,36.037,36.055,35.878
9/16/2015,36.003,35.945,36.037,35.895
9/17/2015,35.74,35.865,35.916,35.685
9/18/2015,35.54,35.775,35.851,35.487
9/21/2015,35.79,35.65,35.81,35.643
9/22/2015,35.983,35.835,35.999,35.805
9/23/2015,36.173,36.083,36.208,36.048
9/24/2015,36.292,36.188,36.31,36.17
9/25/2015,36.256,36.25,36.32,36.18
9/28/2015,36.3,36.167,36.3,36.153
9/29/2015,36.45,36.375,36.503,36.27
9/30/2015,36.31,36.423,36.46,36.269
10/1/2015,36.43,36.375,36.48,36.327
10/2/2015,36.58,36.45,36.665,36.45
10/5/2015,36.365,36.505,36.57,36.335
10/6/2015,36.32,36.27,36.391,36.263
10/7/2015,35.94,36.28,36.34,35.86
10/8/2015,35.975,35.897,36.089,35.865
10/9/2015,35.552,35.805,35.813,35.507
10/12/2015,35.365,35.515,35.63,35.339
10/13/2015,35.575,35.39,35.58,35.35
10/14/2015,35.537,35.62,35.675,35.395
10/15/2015,35.23,35.408,35.408,35.152
10/16/2015,35.329,35.18,35.34,35.16
10/19/2015,35.35,35.325,35.412,35.265
10/20/2015,35.41,35.432,35.505,35.369
10/21/2015,35.57,35.415,35.581,35.34
10/22/2015,35.62,35.59,35.66,35.571
10/23/2015,35.38,35.58,35.605,35.355
10/26/2015,35.515,35.58,35.591,35.44
10/27/2015,35.505,35.496,35.535,35.412
10/28/2015,35.458,35.52,35.557,35.424
10/29/2015,35.6,35.67,35.698,35.48
10/30/2015,35.573,35.685,35.689,35.542
11/2/2015,35.643,35.618,35.643,35.53
11/3/2015,35.58,35.58,35.615,35.53
11/4/2015,35.47,35.565,35.588,35.46
11/5/2015,35.581,35.53,35.621,35.467
11/6/2015,35.57,35.56,35.6,35.549
11/9/2015,35.94,35.83,35.96,35.802
11/10/2015,35.92,35.903,35.959,35.86
11/11/2015,35.87,35.877,35.935,35.82
11/12/2015,35.9,35.84,35.917,35.74
11/13/2015,35.94,35.877,35.96,35.805
11/16/2015,35.987,35.903,36.03,35.884
11/17/2015,35.956,35.975,36.046,35.945
11/18/2015,36,36,36.077,35.95
11/19/2015,35.875,35.972,35.979,35.86
11/20/2015,35.74,35.803,35.859,35.63
11/23/2015,35.875,35.757,35.88,35.72
11/24/2015,35.79,35.855,35.877,35.77
11/25/2015,35.702,35.735,35.743,35.64
11/26/2015,35.77,35.658,35.772,35.653
11/27/2015,35.85,35.736,35.86,35.723
11/30/2015,35.85,35.893,35.925,35.833
12/1/2015,35.79,35.83,35.85,35.78
12/2/2015,35.82,35.77,35.833,35.74
12/3/2015,35.91,35.862,35.919,35.85
12/4/2015,35.905,35.845,35.91,35.75
12/7/2015,35.855,35.781,35.888,35.777
12/8/2015,35.95,35.88,35.964,35.82
12/9/2015,35.99,35.965,36.015,35.9
12/10/2015,36.06,35.985,36.068,35.904
12/11/2015,36.055,36.042,36.085,35.964
12/14/2015,36.149,36.138,36.173,36.045
12/15/2015,35.97,36.125,36.144,35.957
12/16/2015,36.08,35.97,36.097,35.923
12/17/2015,36.08,35.893,36.127,35.877
12/18/2015,36.171,36.17,36.213,36.092
12/21/2015,36.125,36.12,36.204,36.065
12/22/2015,36.063,36.127,36.133,36.028
12/23/2015,36.04,36.075,36.081,36.028
12/24/2015,36.082,36.07,36.14,36.034
12/25/2015,36.06,36.065,36.105,35.99
12/28/2015,36.132,36.075,36.14,36.045
12/29/2015,36.1,36.088,36.135,36.074
12/30/2015,35.99,36.08,36.113,35.984
12/31/2015,36.083,36.08,36.116,36.022
1/1/2016,36.02,36.033,36.033,36.02
1/4/2016,36.14,36.057,36.19,36.033
1/5/2016,36.15,36.14,36.177,36.08
1/6/2016,36.22,36.135,36.257,36.103
1/7/2016,36.285,36.248,36.35,36.226
1/8/2016,36.307,36.255,36.327,36.17
1/11/2016,36.28,36.305,36.345,36.25
1/12/2016,36.33,36.265,36.375,36.235
1/13/2016,36.25,36.322,36.338,36.237
1/14/2016,36.313,36.268,36.345,36.256
1/15/2016,36.366,36.347,36.374,36.28
1/18/2016,36.32,36.362,36.382,36.29
1/19/2016,36.27,36.313,36.325,36.26
1/20/2016,36.3,36.31,36.327,36.272
1/21/2016,36.263,36.29,36.29,36.235
1/22/2016,36.037,36.213,36.253,36.026
1/25/2016,36.021,36.018,36.055,35.925
1/26/2016,35.908,35.917,36.045,35.89
1/27/2016,35.79,35.822,35.874,35.77
1/28/2016,35.825,35.83,35.885,35.775
1/29/2016,35.73,35.835,35.861,35.684
2/1/2016,35.605,35.7,35.77,35.591
2/2/2016,35.76,35.595,35.771,35.579
2/3/2016,35.841,35.796,35.87,35.77
2/4/2016,35.56,35.711,35.755,35.55
2/5/2016,35.497,35.61,35.651,35.48
2/8/2016,35.51,35.595,35.612,35.495
2/9/2016,35.489,35.52,35.539,35.388
2/10/2016,35.36,35.403,35.428,35.3
2/11/2016,35.245,35.315,35.325,35.228
2/12/2016,35.58,35.25,35.64,35.228
2/15/2016,35.65,35.57,35.69,35.552
2/16/2016,35.61,35.638,35.671,35.59
2/17/2016,35.61,35.65,35.68,35.6
2/18/2016,35.548,35.63,35.63,35.537
2/19/2016,35.745,35.58,35.75,35.54
2/22/2016,35.755,35.73,35.781,35.717
2/23/2016,35.74,35.75,35.776,35.715
2/24/2016,35.7,35.732,35.759,35.69
2/25/2016,35.68,35.68,35.714,35.65
2/26/2016,35.64,35.665,35.707,35.63
2/29/2016,35.64,35.722,35.763,35.618
3/1/2016,35.625,35.645,35.655,35.588
3/2/2016,35.57,35.59,35.656,35.54
3/3/2016,35.51,35.542,35.559,35.476
3/4/2016,35.403,35.43,35.46,35.385
3/7/2016,35.42,35.365,35.495,35.349
3/8/2016,35.425,35.41,35.47,35.365
3/9/2016,35.32,35.36,35.393,35.287
3/10/2016,35.25,35.29,35.31,35.239
3/11/2016,35.16,35.225,35.26,35.064
3/14/2016,35.08,35.114,35.151,35.05
3/15/2016,35.132,35.097,35.15,35.07
3/16/2016,35.02,35.127,35.145,34.99
3/17/2016,34.78,34.941,34.975,34.77
3/18/2016,34.85,34.763,34.925,34.745
3/21/2016,34.89,34.873,34.952,34.85
3/22/2016,34.91,34.915,34.963,34.88
3/23/2016,35.118,34.95,35.13,34.917
3/24/2016,35.35,35.191,35.395,35.188
3/25/2016,35.27,35.33,35.365,35.265
3/28/2016,35.36,35.292,35.408,35.274
3/29/2016,35.426,35.338,35.44,35.323
3/30/2016,35.235,35.338,35.365,35.189
3/31/2016,35.185,35.25,35.262,35.159
4/1/2016,35.105,35.125,35.175,35.09
4/4/2016,35.263,35.16,35.29,35.12
4/5/2016,35.32,35.25,35.39,35.237
4/6/2016,35.256,35.303,35.31,35.214
4/7/2016,35.205,35.247,35.253,35.15
4/8/2016,35.12,35.2,35.234,35.09
4/11/2016,35.07,35.083,35.112,35.04
4/12/2016,35.02,35.033,35.07,35.005
4/13/2016,35.036,35.025,35.055,34.951
4/14/2016,35.12,35.053,35.211,35.024
4/15/2016,35.065,35.09,35.12,35.051
4/18/2016,35.03,35.105,35.11,35.01
4/19/2016,34.91,34.965,35.02,34.88
4/20/2016,34.86,34.84,34.949,34.825
4/21/2016,35.01,34.897,35.095,34.883
4/22/2016,35.04,35.068,35.095,35.02
4/25/2016,35.11,35.052,35.17,35.052
4/26/2016,35.16,35.085,35.222,35.08
4/27/2016,35.15,35.14,35.195,35.09
4/28/2016,35.02,35.13,35.16,35.007
4/29/2016,34.92,35,35.009,34.885
5/2/2016,34.841,34.925,34.934,34.83
5/3/2016,34.92,34.86,34.94,34.83
5/4/2016,35.184,34.993,35.184,34.99
5/5/2016,35.179,35.14,35.19,35.075
5/6/2016,35.149,35.145,35.193,35.126
5/9/2016,35.13,35.138,35.166,35.09
5/10/2016,35.236,35.245,35.267,35.193
5/11/2016,35.27,35.23,35.294,35.19
5/12/2016,35.32,35.255,35.34,35.217
5/13/2016,35.43,35.325,35.466,35.311
5/16/2016,35.37,35.435,35.461,35.341
5/17/2016,35.49,35.412,35.557,35.32
5/18/2016,35.6,35.5,35.625,35.486
5/19/2016,35.71,35.693,35.8,35.641
5/20/2016,35.679,35.693,35.736,35.622
5/23/2016,35.66,35.682,35.706,35.56
5/24/2016,35.73,35.682,35.787,35.664
5/25/2016,35.71,35.75,35.795,35.625
5/26/2016,35.6,35.67,35.68,35.571
5/27/2016,35.658,35.618,35.701,35.56
5/30/2016,35.75,35.725,35.8,35.69
5/31/2016,35.705,35.74,35.755,35.691
6/1/2016,35.67,35.77,35.77,35.64
6/2/2016,35.61,35.68,35.704,35.57
6/3/2016,35.629,35.625,35.64,35.545
6/6/2016,35.28,35.37,35.411,35.26
6/7/2016,35.23,35.255,35.327,35.217
6/8/2016,35.21,35.225,35.241,35.189
6/9/2016,35.21,35.12,35.24,35.085
6/10/2016,35.26,35.165,35.295,35.147
6/13/2016,35.18,35.21,35.295,35.16
6/14/2016,35.3,35.202,35.303,35.12
6/15/2016,35.25,35.31,35.39,35.24
6/16/2016,35.24,35.243,35.254,35.151
6/17/2016,35.235,35.325,35.356,35.225
6/20/2016,35.21,35.257,35.284,35.162
6/21/2016,35.173,35.205,35.24,35.15
6/22/2016,35.24,35.22,35.29,35.173
6/23/2016,35.173,35.182,35.244,35.146
6/24/2016,35.339,35.16,35.546,35.114
6/27/2016,35.35,35.325,35.435,35.257
6/28/2016,35.29,35.34,35.371,35.238
6/29/2016,35.23,35.271,35.295,35.175
6/30/2016,35.138,35.127,35.228,35.097
7/1/2016,35.086,35.115,35.16,35.06
7/4/2016,35.048,35.06,35.125,35.011
7/5/2016,35.134,35.045,35.198,35.012
7/6/2016,35.214,35.178,35.281,35.149
7/7/2016,35.173,35.213,35.239,35.145
7/8/2016,35.25,35.235,35.264,35.169
7/11/2016,35.11,35.19,35.225,35.049
7/12/2016,35.138,35.16,35.206,35.103
7/13/2016,35.16,35.21,35.257,35.13
7/14/2016,35.03,35.195,35.23,35.029
7/15/2016,34.94,35.05,35.085,34.907
7/18/2016,35.005,34.96,35.03,34.918
7/19/2016,35.01,34.965,35.04,34.931
7/20/2016,34.989,35.022,35.09,34.97
7/21/2016,34.995,35.05,35.088,34.95
7/22/2016,34.93,34.967,35,34.87
7/25/2016,35.05,34.915,35.08,34.905
7/26/2016,35.01,35.037,35.086,34.98
7/27/2016,34.97,34.987,35.074,34.951
7/28/2016,34.868,34.94,34.967,34.84
7/29/2016,34.83,34.853,34.92,34.8
8/1/2016,34.77,34.798,34.91,34.72
8/2/2016,34.75,34.77,34.84,34.74
8/3/2016,34.94,34.768,34.95,34.739
8/4/2016,34.927,35.013,35.039,34.886
8/5/2016,34.822,34.905,34.93,34.796
8/8/2016,34.974,35.013,35.065,34.901
8/9/2016,34.965,34.975,35.005,34.911
8/10/2016,34.751,34.897,34.967,34.738
8/11/2016,34.76,34.765,34.838,34.731
8/12/2016,34.81,34.732,34.86,34.696
8/15/2016,34.61,34.779,34.82,34.577
8/16/2016,34.575,34.605,34.65,34.52
8/17/2016,34.7,34.62,34.737,34.577
8/18/2016,34.605,34.69,34.69,34.531
8/19/2016,34.635,34.555,34.671,34.528
8/22/2016,34.67,34.643,34.764,34.607
8/23/2016,34.64,34.653,34.676,34.564
8/24/2016,34.618,34.615,34.69,34.573
8/25/2016,34.565,34.64,34.675,34.539
8/26/2016,34.565,34.56,34.601,34.506
8/29/2016,34.601,34.665,34.72,34.596
8/30/2016,34.558,34.563,34.655,34.53
8/31/2016,34.62,34.603,34.671,34.548
9/1/2016,34.635,34.632,34.67,34.585
9/2/2016,34.62,34.603,34.65,34.568
9/5/2016,34.71,34.618,34.77,34.581
9/6/2016,34.676,34.74,34.854,34.65
9/7/2016,34.631,34.6,34.652,34.535
9/8/2016,34.726,34.63,34.73,34.604
9/9/2016,34.745,34.77,34.81,34.714
9/12/2016,34.945,34.785,34.97,34.78
9/13/2016,34.894,34.89,34.96,34.791
9/14/2016,34.895,34.954,34.995,34.878
9/15/2016,34.916,34.869,34.963,34.833
9/16/2016,34.903,34.889,34.955,34.784
9/19/2016,34.829,34.91,34.94,34.804
9/20/2016,34.785,34.813,34.875,34.765
9/21/2016,34.743,34.759,34.847,34.72
9/22/2016,34.652,34.679,34.755,34.605
9/23/2016,34.665,34.609,34.708,34.585
9/26/2016,34.62,34.62,34.77,34.601
9/27/2016,34.58,34.589,34.647,34.548
9/28/2016,34.615,34.56,34.648,34.552
9/29/2016,34.641,34.58,34.66,34.563
9/30/2016,34.673,34.66,34.73,34.63
10/3/2016,34.629,34.6,34.658,34.579
10/4/2016,34.691,34.649,34.715,34.618
10/5/2016,34.805,34.74,34.84,34.74
10/6/2016,34.852,34.81,34.875,34.76
10/7/2016,34.9,34.85,34.919,34.816
10/10/2016,35.074,34.925,35.101,34.89
10/11/2016,35.31,35.139,35.339,35.088
10/12/2016,35.735,35.45,35.908,35.31
10/13/2016,35.573,35.66,35.875,35.522
10/14/2016,35.3,35.38,35.421,35.06
10/17/2016,35.275,35.335,35.465,35.255
10/18/2016,35.039,35.305,35.305,34.99
10/19/2016,34.89,35.029,35.056,34.83
10/20/2016,35.001,34.895,35.05,34.83
10/21/2016,35.131,35.03,35.174,35.003
10/24/2016,35.011,35.13,35.17,34.98
10/25/2016,34.931,35,35.147,34.907
10/26/2016,34.982,34.89,35.046,34.845
10/27/2016,35.083,34.985,35.133,34.985
10/28/2016,35.085,35.13,35.156,35.061
10/31/2016,35.001,35.03,35.105,34.96
11/1/2016,35.021,35.029,35.045,34.975
11/2/2016,35.02,34.975,35.095,34.975
11/3/2016,34.97,34.949,35.02,34.91
11/4/2016,34.99,34.96,35.01,34.929
11/7/2016,35.002,35.005,35.058,34.96
11/8/2016,34.94,35,35.01,34.928
11/9/2016,34.925,34.94,34.988,34.855
11/10/2016,35.111,35.009,35.123,34.82
11/11/2016,35.314,35.07,35.419,35.07
11/14/2016,35.452,35.345,35.48,35.342
11/15/2016,35.386,35.444,35.485,35.33
11/16/2016,35.471,35.439,35.517,35.37
11/17/2016,35.444,35.49,35.525,35.375
11/18/2016,35.62,35.475,35.632,35.44
11/21/2016,35.5,35.569,35.61,35.48
11/22/2016,35.428,35.579,35.579,35.414
11/23/2016,35.575,35.435,35.601,35.435
11/24/2016,35.64,35.7,35.735,35.575
11/25/2016,35.67,35.66,35.709,35.608
11/28/2016,35.591,35.6,35.64,35.519
11/29/2016,35.69,35.549,35.705,35.524
11/30/2016,35.671,35.679,35.685,35.576
12/1/2016,35.681,35.73,35.756,35.667
12/2/2016,35.616,35.699,35.71,35.607
12/5/2016,35.616,35.699,35.71,35.607
12/6/2016,35.615,35.63,35.67,35.588
12/7/2016,35.629,35.59,35.684,35.585
12/8/2016,35.601,35.64,35.673,35.589
12/9/2016,35.63,35.66,35.675,35.619
12/12/2016,35.63,35.66,35.675,35.619
12/13/2016,35.581,35.604,35.64,35.563
12/14/2016,35.59,35.6,35.62,35.535
12/15/2016,35.775,35.63,35.79,35.58
12/16/2016,35.801,35.809,35.856,35.737
12/19/2016,35.888,35.82,35.888,35.789
12/20/2016,36.018,35.875,36.03,35.853
12/21/2016,35.999,36.01,36.07,35.951
12/22/2016,36.021,36.013,36.045,35.97
12/23/2016,35.989,36.033,36.052,35.982
12/26/2016,35.97,35.975,35.99,35.955
12/27/2016,36.002,35.97,36.035,35.95
12/28/2016,36.033,36.01,36.048,35.985
12/29/2016,35.95,36.03,36.03,35.94
12/30/2016,35.799,35.91,35.948,35.772
1/2/2017,35.799,35.91,35.948,35.772
1/3/2017,35.799,35.91,35.948,35.772
1/4/2017,35.819,35.854,35.931,35.8
1/5/2017,35.781,35.835,35.835,35.68
1/6/2017,35.685,35.725,35.745,35.655
1/9/2017,35.75,35.64,35.799,35.64
1/10/2017,35.603,35.77,35.77,35.544
1/11/2017,35.564,35.61,35.62,35.525
1/12/2017,35.372,35.515,35.515,35.314
1/13/2017,35.409,35.345,35.464,35.325
1/16/2017,35.442,35.408,35.47,35.399
1/17/2017,35.3,35.429,35.458,35.292
1/18/2017,35.304,35.279,35.32,35.225
1/19/2017,35.371,35.36,35.45,35.292
1/20/2017,35.412,35.419,35.43,35.3
1/23/2017,35.29,35.34,35.399,35.261
1/24/2017,35.239,35.245,35.296,35.185
1/25/2017,35.235,35.24,35.285,35.205
1/26/2017,35.261,35.227,35.265,35.175
1/27/2017,35.285,35.222,35.341,35.222
1/30/2017,35.278,35.299,35.325,35.23
1/31/2017,35.208,35.275,35.275,35.162
2/1/2017,35.122,35.195,35.215,35.105
2/2/2017,35.072,35.109,35.135,35.06
2/3/2017,35.07,35.06,35.118,35.035
2/6/2017,35.011,35.08,35.08,34.954
2/7/2017,35.052,35.04,35.062,34.99
2/8/2017,35.05,35.03,35.079,35.01
2/9/2017,35.004,35.065,35.065,34.99
2/10/2017,35.073,35.002,35.105,34.984
2/13/2017,35.073,35.002,35.105,34.984
2/14/2017,34.98,35.045,35.105,34.952
2/15/2017,35.01,34.98,35.079,34.98
2/16/2017,34.994,35.02,35.04,34.974
2/17/2017,34.99,35,35.02,34.97
2/20/2017,35.031,34.993,35.049,34.965
2/21/2017,35.042,35.035,35.06,35.01
2/22/2017,35.024,35.033,35.045,34.995
2/23/2017,34.99,35.02,35.04,34.975
2/24/2017,34.919,34.99,34.99,34.91
2/27/2017,34.857,34.945,34.945,34.84
2/28/2017,34.905,34.86,34.923,34.83
3/1/2017,34.974,34.929,35.021,34.905
3/2/2017,34.997,34.98,35.045,34.967
3/3/2017,35.067,35.05,35.075,35.02
3/6/2017,35.03,35.057,35.057,35.01
3/7/2017,35.081,35.037,35.095,35.037
3/8/2017,35.243,35.12,35.271,35.055
3/9/2017,35.357,35.31,35.38,35.285
3/10/2017,35.397,35.375,35.425,35.338
3/13/2017,35.321,35.36,35.36,35.26
3/14/2017,35.313,35.318,35.37,35.285
3/15/2017,35.222,35.325,35.325,35.204
3/16/2017,35.04,35.25,35.25,34.97
3/17/2017,34.85,34.92,34.98,34.83
3/20/2017,34.72,34.91,34.91,34.66
3/21/2017,34.67,34.69,34.785,34.635
3/22/2017,34.66,34.695,34.795,34.63
3/23/2017,34.66,34.653,34.695,34.56
3/24/2017,34.647,34.67,34.695,34.57
3/27/2017,34.398,34.665,34.665,34.39
3/28/2017,34.419,34.38,34.461,34.36
3/29/2017,34.438,34.42,34.545,34.42
3/30/2017,34.425,34.48,34.515,34.39
3/31/2017,34.365,34.458,34.51,34.36
4/3/2017,34.349,34.45,34.45,34.27
4/4/2017,34.423,34.369,34.461,34.333
4/5/2017,34.533,34.445,34.57,34.44
4/6/2017,34.533,34.445,34.57,34.44
4/7/2017,34.594,34.515,34.671,34.515
4/10/2017,34.62,34.64,34.676,34.61
4/11/2017,34.575,34.64,34.64,34.56
4/12/2017,34.488,34.56,34.56,34.48
4/13/2017,34.488,34.56,34.56,34.48
4/14/2017,34.488,34.56,34.56,34.48
4/17/2017,34.257,34.51,34.51,34.24
4/18/2017,34.38,34.289,34.444,34.265
4/19/2017,34.393,34.382,34.41,34.269
4/20/2017,34.342,34.31,34.411,34.31
4/21/2017,34.382,34.35,34.45,34.308
4/24/2017,34.354,34.38,34.39,34.295
4/25/2017,34.38,34.37,34.42,34.32
4/26/2017,34.46,34.429,34.46,34.365
4/27/2017,34.61,34.44,34.62,34.44
4/28/2017,34.62,34.592,34.66,34.57
5/1/2017,34.62,34.592,34.66,34.57
5/2/2017,34.5,34.632,34.632,34.47
5/3/2017,34.47,34.48,34.49,34.41
5/4/2017,34.61,34.52,34.63,34.495
5/5/2017,34.68,34.635,34.69,34.57
5/8/2017,34.66,34.665,34.705,34.6
5/9/2017,34.76,34.665,34.783,34.64
5/10/2017,34.76,34.665,34.783,34.64
5/11/2017,34.755,34.77,34.815,34.7
5/12/2017,34.737,34.75,34.75,34.69
5/15/2017,34.535,34.675,34.725,34.52
5/16/2017,34.522,34.55,34.577,34.44
5/17/2017,34.518,34.485,34.55,34.44
5/18/2017,34.505,34.505,34.52,34.45
5/19/2017,34.39,34.49,34.555,34.36
5/22/2017,34.397,34.33,34.423,34.315
5/23/2017,34.41,34.315,34.44,34.28
5/24/2017,34.385,34.42,34.485,34.38
5/25/2017,34.228,34.38,34.38,34.175
5/26/2017,34.057,34.235,34.235,34.03
5/29/2017,34.118,34.05,34.13,34.04
5/30/2017,34.13,34.11,34.177,34.077
5/31/2017,34.052,34.17,34.17,34.015
6/1/2017,34.128,34.04,34.18,34.04
6/2/2017,34.143,34.15,34.235,34.12
6/5/2017,34.003,34.155,34.155,33.943
6/6/2017,34.013,34.005,34.05,33.945
6/7/2017,33.99,34.015,34.028,33.94
6/8/2017,34.04,34.01,34.085,34
6/9/2017,34.05,34.015,34.105,34.015
6/12/2017,34.073,34.09,34.095,34.035
6/13/2017,33.935,34.09,34.09,33.935
6/14/2017,33.923,33.975,33.975,33.873
6/15/2017,33.987,33.91,33.99,33.825
6/16/2017,33.97,33.96,34.028,33.917
6/19/2017,33.935,33.967,33.97,33.91
6/20/2017,33.985,33.955,34.025,33.945
6/21/2017,33.987,33.978,34.05,33.97
6/22/2017,33.998,34.035,34.04,33.94
6/23/2017,33.943,33.97,34.01,33.94
6/26/2017,33.972,33.94,33.98,33.93
6/27/2017,33.967,33.94,34.002,33.92
6/28/2017,34,33.97,34.01,33.93
6/29/2017,33.97,33.97,33.99,33.938
6/30/2017,33.96,34,34.01,33.952
7/3/2017,33.982,33.93,34,33.917
7/4/2017,34.02,33.98,34.03,33.98
7/5/2017,34.033,34.01,34.042,33.97
7/6/2017,34.077,34,34.083,34
7/7/2017,34.085,34.065,34.112,34.06
7/10/2017,34.085,34.065,34.112,34.06
7/11/2017,34.1,34.11,34.14,34.08
7/12/2017,34.04,34.09,34.1,33.98
7/13/2017,33.952,33.96,34.01,33.92
7/14/2017,33.862,33.945,33.95,33.85
7/17/2017,33.708,33.87,33.87,33.69
7/18/2017,33.603,33.62,33.682,33.56
7/19/2017,33.62,33.57,33.67,33.57
7/20/2017,33.68,33.653,33.69,33.58
7/21/2017,33.455,33.68,33.68,33.432
7/24/2017,33.41,33.45,33.45,33.39
7/25/2017,33.463,33.425,33.482,33.41
7/26/2017,33.472,33.45,33.537,33.45
7/27/2017,33.33,33.495,33.495,33.28
7/28/2017,33.33,33.495,33.495,33.28
7/31/2017,33.278,33.31,33.393,33.27
8/1/2017,33.28,33.28,33.315,33.235
8/2/2017,33.28,33.265,33.345,33.26
8/3/2017,33.253,33.225,33.313,33.225
8/4/2017,33.245,33.25,33.285,33.23
8/7/2017,33.302,33.245,33.33,33.245
8/8/2017,33.245,33.305,33.308,33.237
8/9/2017,33.257,33.29,33.305,33.243
8/10/2017,33.247,33.245,33.272,33.215
8/11/2017,33.237,33.255,33.272,33.21
8/14/2017,33.237,33.255,33.272,33.21
8/15/2017,33.275,33.25,33.28,33.24
8/16/2017,33.29,33.285,33.325,33.263
8/17/2017,33.253,33.295,33.305,33.228
8/18/2017,33.22,33.255,33.275,33.193
8/21/2017,33.25,33.215,33.263,33.175
8/22/2017,33.253,33.245,33.268,33.215
8/23/2017,33.362,33.255,33.382,33.23
8/24/2017,33.353,33.365,33.368,33.318
8/25/2017,33.302,33.347,33.37,33.285
8/28/2017,33.217,33.25,33.252,33.2
8/29/2017,33.185,33.23,33.23,33.143
8/30/2017,33.2,33.17,33.255,33.167
8/31/2017,33.198,33.19,33.23,33.177
9/1/2017,33.177,33.208,33.223,33.16
9/4/2017,33.173,33.17,33.208,33.147
9/5/2017,33.183,33.158,33.183,33.15
9/6/2017,33.155,33.16,33.175,33.143
9/7/2017,33.067,33.138,33.165,33.067
9/8/2017,33.098,33.055,33.13,33.042
9/11/2017,33.127,33.11,33.165,33.1
9/12/2017,33.105,33.115,33.15,33.088
9/13/2017,33.092,33.103,33.13,33.065
9/14/2017,33.103,33.09,33.17,33.09
9/15/2017,33.088,33.1,33.11,33.052
9/18/2017,33.08,33.09,33.111,33.057
9/19/2017,33.083,33.112,33.12,33.06
9/20/2017,33.07,33.075,33.1,33.06
9/21/2017,33.13,33.16,33.16,33.105
9/22/2017,33.088,33.115,33.122,33.083
9/25/2017,33.11,33.088,33.112,33.073
9/26/2017,33.175,33.1,33.213,33.085
9/27/2017,33.29,33.18,33.325,33.18
9/28/2017,33.408,33.3,33.488,33.275
9/29/2017,33.33,33.4,33.408,33.313
10/2/2017,33.432,33.308,33.46,33.287
10/3/2017,33.445,33.425,33.545,33.405
10/4/2017,33.357,33.39,33.39,33.295
10/5/2017,33.335,33.375,33.42,33.327
10/6/2017,33.44,33.383,33.463,33.382
10/9/2017,33.393,33.445,33.445,33.373
10/10/2017,33.253,33.41,33.41,33.245
10/11/2017,33.202,33.31,33.31,33.18
10/12/2017,33.122,33.18,33.202,33.097
10/13/2017,33.122,33.18,33.202,33.097
10/16/2017,33.063,33.063,33.11,33.052
10/17/2017,33.11,33.065,33.143,33.065
10/18/2017,33.147,33.115,33.16,33.075
10/19/2017,33.14,33.167,33.188,33.1
10/20/2017,33.18,33.15,33.185,33.103
10/23/2017,33.18,33.15,33.185,33.103
10/24/2017,33.173,33.162,33.18,33.143
10/25/2017,33.217,33.17,33.228,33.168
10/26/2017,33.217,33.17,33.228,33.168
10/27/2017,33.293,33.2,33.323,33.2
10/30/2017,33.247,33.265,33.29,33.22
10/31/2017,33.223,33.247,33.262,33.205
11/1/2017,33.128,33.24,33.243,33.103
11/2/2017,33.118,33.115,33.15,33.073
11/3/2017,33.123,33.122,33.14,33.075
11/6/2017,33.143,33.127,33.19,33.127
11/7/2017,33.155,33.107,33.162,33.1
11/8/2017,33.12,33.118,33.15,33.107
11/9/2017,33.107,33.103,33.125,33.095
11/10/2017,33.118,33.113,33.132,33.08
11/13/2017,33.065,33.128,33.13,33.06
11/14/2017,33.075,33.075,33.105,33.06
11/15/2017,33.015,33.09,33.09,33.007
11/16/2017,32.958,33.007,33.025,32.95
11/17/2017,32.855,32.912,32.923,32.823
11/20/2017,32.772,32.835,32.835,32.765
11/21/2017,32.768,32.817,32.857,32.768
11/22/2017,32.728,32.783,32.783,32.715
11/23/2017,32.677,32.7,32.743,32.677
11/24/2017,32.675,32.675,32.698,32.65
11/27/2017,32.65,32.666,32.698,32.638
11/28/2017,32.563,32.64,32.667,32.563
11/29/2017,32.513,32.6,32.62,32.493
11/30/2017,32.653,32.545,32.682,32.54
12/1/2017,32.61,32.66,32.702,32.603
12/4/2017,32.612,32.62,32.667,32.605
12/5/2017,32.612,32.62,32.667,32.605
12/6/2017,32.612,32.612,32.645,32.563
12/7/2017,32.63,32.61,32.647,32.6
12/8/2017,32.662,32.645,32.67,32.615
12/11/2017,32.662,32.645,32.67,32.615
12/12/2017,32.603,32.607,32.62,32.563
12/13/2017,32.583,32.59,32.62,32.56
12/14/2017,32.5,32.573,32.573,32.448
12/15/2017,32.513,32.537,32.573,32.49
12/18/2017,32.615,32.537,32.647,32.528
12/19/2017,32.68,32.625,32.888,32.625
12/20/2017,32.728,32.63,32.842,32.63
12/21/2017,32.732,32.715,32.745,32.68
12/22/2017,32.747,32.653,32.77,32.653
12/25/2017,32.735,32.743,32.763,32.708
12/26/2017,32.792,32.725,32.815,32.725
12/27/2017,32.778,32.8,32.853,32.77
12/28/2017,32.655,32.755,32.787,32.605
12/29/2017,32.58,32.667,32.715,32.577
1/1/2018,32.58,32.667,32.715,32.577
1/2/2018,32.58,32.667,32.715,32.577
1/3/2018,32.307,32.42,32.463,32.278
1/4/2018,32.23,32.357,32.378,32.215
1/5/2018,32.228,32.208,32.245,32.158
1/8/2018,32.198,32.127,32.26,32.118
1/9/2018,32.252,32.18,32.283,32.18
1/10/2018,32.14,32.28,32.287,32.11
1/11/2018,32.01,32.13,32.132,31.993
1/12/2018,31.967,32.037,32.042,31.905
1/15/2018,31.903,31.913,31.962,31.89
1/16/2018,31.978,31.89,31.993,31.89
1/17/2018,31.947,31.952,32,31.872
1/18/2018,31.938,31.943,31.995,31.912
1/19/2018,31.875,31.945,31.945,31.822
1/22/2018,31.838,31.872,31.915,31.838
1/23/2018,31.835,31.83,31.862,31.795
1/24/2018,31.635,31.845,31.845,31.632
1/25/2018,31.448,31.595,31.595,31.342
1/26/2018,31.36,31.425,31.503,31.295
1/29/2018,31.423,31.333,31.435,31.292
1/30/2018,31.433,31.49,31.495,31.407
1/31/2018,31.327,31.425,31.425,31.318
2/1/2018,31.35,31.315,31.38,31.315
2/2/2018,31.382,31.365,31.39,31.295
2/5/2018,31.517,31.45,31.57,31.448
2/6/2018,31.538,31.663,31.712,31.497
2/7/2018,31.568,31.515,31.575,31.407
2/8/2018,31.87,31.688,31.872,31.63
2/9/2018,31.737,31.892,31.908,31.722
2/12/2018,31.69,31.698,31.699,31.618
2/13/2018,31.502,31.647,31.653,31.458
2/14/2018,31.495,31.495,31.513,31.34
2/15/2018,31.29,31.323,31.333,31.265
2/16/2018,31.253,31.285,31.295,31.195
2/19/2018,31.39,31.275,31.41,31.25
2/20/2018,31.498,31.375,31.52,31.362
2/21/2018,31.485,31.53,31.555,31.47
2/22/2018,31.545,31.54,31.635,31.537
2/23/2018,31.463,31.53,31.55,31.423
2/26/2018,31.318,31.458,31.458,31.3
2/27/2018,31.37,31.32,31.375,31.243
2/28/2018,31.385,31.463,31.495,31.38
3/1/2018,31.385,31.463,31.495,31.38
3/2/2018,31.46,31.44,31.51,31.407
3/5/2018,31.44,31.4,31.455,31.388
3/6/2018,31.385,31.435,31.435,31.358
3/7/2018,31.325,31.342,31.365,31.32
3/8/2018,31.377,31.327,31.38,31.283
3/9/2018,31.362,31.325,31.388,31.32
3/12/2018,31.315,31.347,31.35,31.295
3/13/2018,31.257,31.313,31.313,31.228
3/14/2018,31.13,31.215,31.235,31.108
3/15/2018,31.157,31.182,31.19,31.123
3/16/2018,31.185,31.18,31.257,31.18
3/19/2018,31.215,31.24,31.247,31.202
3/20/2018,31.185,31.217,31.217,31.165
3/21/2018,31.222,31.205,31.237,31.198
3/22/2018,31.265,31.17,31.278,31.153
3/23/2018,31.23,31.29,31.3,31.208
3/26/2018,31.145,31.205,31.205,31.135
3/27/2018,31.175,31.14,31.178,31.118
3/28/2018,31.252,31.2,31.255,31.173
3/29/2018,31.257,31.265,31.283,31.217
3/30/2018,31.188,31.275,31.275,31.182
4/2/2018,31.165,31.15,31.195,31.15
4/3/2018,31.195,31.215,31.255,31.18
4/4/2018,31.24,31.193,31.252,31.175
4/5/2018,31.213,31.215,31.248,31.18
4/6/2018,31.213,31.215,31.248,31.18
4/9/2018,31.28,31.237,31.287,31.228
4/10/2018,31.215,31.295,31.295,31.213
4/11/2018,31.162,31.245,31.245,31.155
4/12/2018,31.195,31.145,31.202,31.118
4/13/2018,31.195,31.145,31.202,31.118
4/16/2018,31.195,31.145,31.202,31.118
4/17/2018,31.215,31.167,31.222,31.165
4/18/2018,31.24,31.175,31.263,31.175
4/19/2018,31.222,31.233,31.247,31.195
4/20/2018,31.325,31.217,31.325,31.217
4/23/2018,31.505,31.31,31.51,31.31
4/24/2018,31.428,31.498,31.568,31.417
4/25/2018,31.548,31.43,31.575,31.43
4/26/2018,31.55,31.507,31.63,31.505
4/27/2018,31.59,31.595,31.642,31.572
4/30/2018,31.54,31.478,31.542,31.478
5/1/2018,31.54,31.478,31.542,31.478
5/2/2018,31.722,31.702,31.755,31.653
5/3/2018,31.647,31.72,31.753,31.635
5/4/2018,31.763,31.627,31.79,31.597
5/7/2018,31.847,31.757,31.868,31.757
5/8/2018,31.913,31.835,31.945,31.815
5/9/2018,32.105,31.962,32.143,31.962
5/10/2018,32.057,32.195,32.217,32.057
5/11/2018,31.853,31.943,31.978,31.845
5/14/2018,31.813,31.902,31.902,31.775
5/15/2018,31.927,31.888,31.962,31.86
5/16/2018,32.135,32.123,32.15,32.045
5/17/2018,32.075,32.002,32.092,31.962
5/18/2018,32.193,32.083,32.193,32.083
5/21/2018,32.23,32.18,32.275,32.177
5/22/2018,32.048,32.123,32.15,32.03
5/23/2018,32.132,32.042,32.158,32.02
5/24/2018,32.037,32.103,32.153,32.033
5/25/2018,31.917,32.037,32.057,31.9
5/28/2018,31.987,31.882,32.015,31.865
5/29/2018,31.987,31.882,32.015,31.865
5/30/2018,32.09,32.092,32.175,32.033
5/31/2018,31.995,32.022,32.065,31.975
6/1/2018,32.007,32.052,32.112,31.983
6/4/2018,31.965,31.994,32.042,31.948
6/5/2018,31.945,31.995,32.003,31.923
6/6/2018,31.91,31.947,31.95,31.862
6/7/2018,31.943,31.878,31.965,31.862
6/8/2018,32.06,31.986,32.083,31.985
6/11/2018,32.06,32.055,32.06,32.018
6/12/2018,32.073,32.068,32.105,32.06
6/13/2018,32.16,32.09,32.188,32.09
6/14/2018,32.135,32.128,32.175,32.12
6/15/2018,32.412,32.217,32.463,32.217
6/18/2018,32.655,32.638,32.763,32.618
6/19/2018,32.815,32.688,32.857,32.635
6/20/2018,32.783,32.7,32.835,32.67
6/21/2018,32.978,32.857,33,32.84
6/22/2018,32.92,32.908,32.975,32.855
6/25/2018,32.965,32.958,33.018,32.923
6/26/2018,32.997,32.93,33.022,32.93
6/27/2018,33.013,33.002,33.045,32.97
6/28/2018,33.125,33.037,33.145,33.033
6/29/2018,33.123,33.2,33.208,33.118
7/2/2018,33.14,33.042,33.155,33.037
7/3/2018,33.188,33.19,33.29,33.17
7/4/2018,33.147,33.122,33.147,33.085
7/5/2018,33.232,33.188,33.255,33.177
7/6/2018,33.17,33.193,33.248,33.16
7/9/2018,33.143,33.138,33.15,33.088
7/10/2018,33.175,33.075,33.182,33.057
7/11/2018,33.295,33.217,33.323,33.217
7/12/2018,33.268,33.325,33.364,33.228
7/13/2018,33.338,33.232,33.34,33.173
7/16/2018,33.283,33.287,33.32,33.27
7/17/2018,33.252,33.222,33.272,33.222
7/18/2018,33.353,33.338,33.365,33.32
7/19/2018,33.353,33.338,33.365,33.32
7/20/2018,33.412,33.44,33.518,33.382
7/23/2018,33.443,33.32,33.445,33.302
7/24/2018,33.415,33.427,33.485,33.415
7/25/2018,33.287,33.368,33.41,33.245
7/26/2018,33.292,33.237,33.342,33.138
7/27/2018,33.292,33.237,33.342,33.138
7/30/2018,33.292,33.237,33.342,33.138
7/31/2018,33.272,33.374,33.394,33.23
8/1/2018,33.132,33.243,33.245,33.132
8/2/2018,33.31,33.153,33.315,33.135
8/3/2018,33.345,33.305,33.375,33.305
8/6/2018,33.323,33.228,33.33,33.188
8/7/2018,33.228,33.353,33.365,33.228
8/8/2018,33.21,33.195,33.252,33.185
8/9/2018,33.175,33.202,33.21,33.145
8/10/2018,33.263,33.253,33.315,33.205
8/13/2018,33.263,33.253,33.315,33.205
8/14/2018,33.27,33.314,33.38,33.23
8/15/2018,33.335,33.288,33.38,33.288
8/16/2018,33.292,33.347,33.347,33.222
8/17/2018,33.257,33.18,33.257,33.15
8/20/2018,33.052,33.167,33.205,33.033
8/21/2018,32.715,32.825,32.873,32.68
8/22/2018,32.752,32.653,32.785,32.653
8/23/2018,32.8,32.747,32.833,32.747
8/24/2018,32.75,32.858,32.882,32.745
8/27/2018,32.59,32.603,32.665,32.53
8/28/2018,32.552,32.552,32.605,32.515
8/29/2018,32.71,32.578,32.745,32.578
8/30/2018,32.715,32.682,32.728,32.662
